{"K": [[158.86339147869805, 0.0, 160.0, 0.0], [0.0, -159.77890127234988, 160.0, 0.0], [0.0, 0.0, 1.0, 0.0]], "RT": [[-0.6503817527743926, 0.7595998146392178, -0.0034201254618610663, -0.4158264398574829], [0.06321261078119278, 0.05860944434069361, 0.9962776213848732, -27.710468292236328], [0.7569727481860455, 0.647744590586553, -0.08613480057168857, 39.21662521362305], [0.0, 0.0, 0.0, 1.0]], "invRT": [[-0.6503817527743926, 0.06321261078119278, 0.7569727481860455, -28.20471144462113], [0.7595998146392178, 0.05860944434069361, 0.647744590586553, -23.462400007518344], [-0.0034201254618610663, 0.9962776213848732, -0.08613480057168857, 30.98381345092556], [0.0, 0.0, 0.0, 1.0]]}