{"K": [[186.00075508481416, 0.0, 160.0, 0.0], [0.0, -185.55294308397507, 160.0, 0.0], [0.0, 0.0, 1.0, 0.0]], "RT": [[0.9852533600094984, -0.1665591487699188, -0.03916460839882981, -4.888795375823975], [0.051398564130067825, 0.06978527004836413, 0.9962370218425153, -3.3446080684661865], [-0.16319927755771757, -0.9835588777726105, 0.07731707288382116, 35.29771041870117], [0.0, 0.0, 0.0, 1.0]], "invRT": [[0.9852533600094984, 0.051398564130067825, -0.16319927755771757, 10.749170962500024], [-0.1665591487699188, 0.06978527004836413, -0.9835588777726105, 34.1365072283166], [-0.03916460839882981, 0.9962370218425153, 0.07731707288382116, 0.4114389758483128], [0.0, 0.0, 0.0, 1.0]]}