{"K": [[188.03653939010917, 0.0, 160.0, 0.0], [0.0, -187.84995708200668, 160.0, 0.0], [0.0, 0.0, 1.0, 0.0]], "RT": [[0.05679489268888278, -0.9983374831570732, -0.009829032915760193, 7.129032611846924], [0.11302005499601364, -0.0033526117034700246, 0.9935870506218687, -3.9641573429107666], [-0.991968148346083, -0.05754154775782941, 0.11264174602906817, 33.98203659057617], [0.0, 0.0, 0.0, 1.0]], "invRT": [[0.05679489268888278, 0.11302005499601364, -0.991968148346083, 33.75223455252592], [-0.9983374831570732, -0.0033526117034700246, -0.05754154775782941, 9.05926917613866], [-0.009829032915760193, 0.9935870506218687, 0.11264174602906817, 0.18101096355692103], [0.0, 0.0, 0.0, 1.0]]}